2026-10-07T00:49:24Z	55408	0:00.18	watchpost
2026-10-07T00:49:55Z	56976	0:01.14	watchpost
2026-10-07T00:50:25Z	57696	0:02.07	watchpost
2026-10-07T00:50:55Z	56512	0:03.07	watchpost
2026-10-07T00:51:25Z	57248	0:04.00	watchpost
2026-10-07T00:51:55Z	56448	0:04.89	watchpost
2026-10-07T00:52:26Z	57232	0:05.75	watchpost
2026-10-07T00:52:56Z	56464	0:06.64	watchpost
2026-10-07T00:53:26Z	57520	0:07.54	watchpost
2026-10-07T00:53:56Z	57616	0:08.47	watchpost
2026-10-07T00:54:26Z	56720	0:09.38	watchpost
2026-10-07T00:54:56Z	56480	0:10.29	watchpost
2026-10-07T00:55:26Z	58032	0:11.22	watchpost
2026-10-07T00:55:56Z	57632	0:12.19	watchpost
2026-10-07T00:56:27Z	58160	0:13.11	watchpost
2026-10-07T00:56:57Z	57696	0:14.00	watchpost
2026-10-07T00:57:27Z	57680	0:14.90	watchpost
2026-10-07T00:57:57Z	57088	0:15.82	watchpost
2026-10-07T00:58:27Z	58144	0:16.76	watchpost
2026-10-07T00:58:58Z	57808	0:17.72	watchpost
